Metric,Value
Alpha,0.08063566228511614
Beta,0.689926097490576
