Metric,Value
CAGR,0.2427807806758755
Sharpe Ratio,1.1109877307857694
Sortino Ratio,1.3449716033799726
Maximum Drawdown,-0.4026012761687717
